Muestra,Condicion,PC(32:0),PC(34:1),PC(36:2),PC(38:4),PC(40:6)
Muestra_01,Control,143.27,315.68,208.00,91.32,41.36
Muestra_02,Control,127.03,328.31,205.19,83.05,42.58
Muestra_03,Control,147.79,349.09,221.82,85.99,38.31
Muestra_04,Control,132.82,326.16,233.60,85.37,41.47
Muestra_05,Control,151.38,283.66,204.38,89.41,46.37
Muestra_06,Control,142.11,329.41,214.47,92.04,36.43
Muestra_07,Control,151.82,282.14,162.84,79.54,37.42
Muestra_08,Control,155.51,336.61,188.06,92.63,36.99
Muestra_09,Control,143.97,312.65,212.06,92.37,45.19
Muestra_10,Control,149.20,336.25,218.61,79.36,38.41
Muestra_11,Tratamiento,161.11,284.48,268.50,144.27,25.30
Muestra_12,Tratamiento,153.56,291.21,298.59,127.80,33.58
Muestra_13,Tratamiento,183.87,269.65,247.39,118.46,34.16
Muestra_14,Tratamiento,149.43,272.84,277.56,120.41,33.02
Muestra_15,Tratamiento,173.72,330.04,284.16,117.77,26.59
Muestra_16,Tratamiento,156.77,295.81,262.80,122.62,33.15
Muestra_17,Tratamiento,158.07,264.66,239.86,113.51,26.56
Muestra_18,Tratamiento,171.74,301.84,272.67,125.60,30.24
Muestra_19,Tratamiento,179.77,294.33,277.93,114.15,33.92
Muestra_20,Tratamiento,171.32,302.67,272.46,140.83,27.61
